Subscriber ID,Walking Dead,Mad Men,Weeds,Pony,Lorax,Lost
1,232,12,8,2,2,44
2,263,2,3,4,5,69
3,272,0,3,3,3,70
4,249,10,7,4,2,54
5,250,5,5,4,6,62
6,245,12,7,5,5,62
7,236,2,1,6,4,48
8,240,0,3,6,7,46
9,220,21,14,7,5,44
10,248,3,3,6,6,58
11,254,7,9,5,6,63
12,229,9,7,4,4,41
13,253,16,10,6,4,58
14,245,5,3,4,6,52
15,234,2,5,4,2,48
16,249,5,6,7,5,52
17,255,6,3,2,2,67
18,253,7,7,2,2,60
19,253,3,6,3,5,61
20,224,10,10,2,2,38
21,240,9,8,1,3,57
22,253,14,8,5,2,60
23,235,0,2,3,6,45
24,238,1,3,6,5,51
25,234,9,6,5,2,47
26,262,5,3,7,5,74
27,237,1,4,8,5,48
28,257,9,8,4,2,64
29,226,2,1,6,4,36
30,241,8,8,5,3,50
31,214,12,10,0,2,32
32,244,3,3,4,4,52
33,237,6,7,2,3,56
34,263,7,6,3,5,66
35,242,8,5,2,4,49
36,247,6,6,9,4,55
37,267,0,4,2,1,67
38,238,3,4,2,2,50
39,257,0,1,3,1,66
40,233,7,4,5,2,50
41,246,3,4,4,3,50
42,227,3,3,7,5,44
43,225,3,4,4,3,38
44,252,1,4,5,3,51
45,223,9,5,2,7,45
46,244,12,9,5,5,59
47,261,0,4,4,6,70
48,234,4,2,3,3,49
49,256,12,8,6,4,70
50,250,13,11,6,3,67
51,223,6,5,9,5,38
52,234,0,2,3,5,50
53,280,0,4,3,2,84
54,266,3,5,5,4,70
55,217,0,2,3,4,32
56,247,4,6,5,6,58
57,223,1,0,8,5,35
58,235,13,12,7,3,46
59,245,7,5,2,3,60
60,253,0,2,5,6,65
61,220,8,7,5,3,40
62,256,5,7,1,4,62
63,224,6,3,3,3,40
64,231,9,7,3,3,50
65,243,11,9,6,6,52
66,269,3,3,2,4,70
67,218,11,9,1,3,38
68,259,0,1,6,5,62
69,233,10,9,5,3,44
70,234,4,3,2,2,47
71,241,16,11,2,1,56
72,252,2,3,2,3,61
73,242,8,5,6,4,46
74,254,16,11,7,6,62
75,217,14,11,10,7,33
76,200,8,10,4,3,21
77,271,2,4,4,5,76
78,224,5,4,1,4,41
79,222,18,12,5,3,37
80,241,1,5,3,3,50
81,252,7,10,3,5,55
82,237,3,3,5,3,49
83,228,13,8,4,5,48
84,248,3,2,3,5,63
85,244,8,8,2,3,59
86,224,3,4,4,3,36
87,250,0,0,2,3,64
88,257,2,3,2,4,62
89,228,10,8,6,4,45
90,233,0,3,1,4,42
91,224,6,4,1,3,37
92,253,10,8,2,4,63
93,260,8,5,5,3,66
94,242,7,7,3,3,55
95,244,12,7,4,4,58
96,232,16,9,3,3,52
97,237,5,7,3,2,52
98,277,8,6,6,3,77
99,246,3,3,1,1,56
100,224,12,7,3,2,38
101,232,4,3,4,2,46
102,244,0,2,6,4,54
103,227,0,1,6,5,43
104,239,0,3,3,3,49
105,241,7,5,2,3,57
106,231,9,7,4,2,51
107,237,6,7,5,7,51
108,252,0,1,2,2,62
109,232,6,4,5,2,44
110,227,3,4,3,7,35
111,236,15,12,2,4,60
112,233,8,7,2,3,47
113,214,0,3,3,3,25
114,242,4,3,3,2,62
115,252,8,9,2,3,59
116,223,4,3,3,3,39
117,235,7,6,8,4,45
118,230,4,3,8,6,45
119,249,3,3,5,3,55
120,261,0,2,6,4,72
121,228,17,12,7,6,42
122,229,0,2,3,2,42
123,229,8,6,6,6,51
124,221,17,13,6,5,39
125,247,7,6,6,5,51
126,239,14,8,2,4,48
127,226,12,10,4,4,41
128,225,11,8,3,3,43
129,254,9,6,5,6,59
130,239,0,0,2,2,49
131,255,6,5,3,1,59
132,254,8,7,4,4,67
133,223,15,11,4,2,41
134,267,0,5,4,3,75
135,220,18,12,2,3,41
136,226,9,6,4,3,38
137,208,11,9,1,1,29
138,251,20,12,4,4,63
139,241,1,5,1,0,53
140,238,8,9,6,4,49
141,241,2,3,3,2,48
142,219,7,6,7,3,31
143,272,0,2,5,4,69
144,229,11,7,7,6,38
145,264,0,2,5,5,71
146,251,7,7,3,4,58
147,255,13,8,3,5,68
148,232,11,7,3,2,45
149,232,1,3,3,5,42
150,228,1,4,5,2,42
151,236,2,3,7,8,51
152,226,7,6,2,3,40
153,226,0,1,4,5,41
154,215,20,15,4,3,40
155,224,7,5,4,3,39
156,229,1,5,3,4,42
157,226,6,4,4,5,44
158,239,6,7,4,4,47
159,260,10,7,5,2,72
160,262,0,0,6,6,71
161,231,11,8,1,2,44
162,231,1,5,1,2,48
163,221,16,12,3,1,38
164,251,0,1,1,3,63
165,261,8,5,1,1,65
166,226,16,11,9,6,44
167,236,0,2,5,4,54
168,243,7,7,4,3,58
169,221,4,5,3,4,38
170,229,7,7,5,4,45
171,253,8,9,0,1,60
172,238,9,7,3,3,51
173,254,9,5,3,1,63
174,230,10,8,0,2,43
175,238,4,5,6,5,47
176,245,0,0,2,1,51
177,254,2,2,5,2,60
178,259,6,7,4,3,63
179,243,5,3,4,5,55
180,213,9,8,2,2,32
181,236,13,10,5,4,48
182,244,9,5,5,5,56
183,245,16,11,2,2,58
184,225,6,4,14,7,49
185,262,0,3,5,4,67
186,241,14,11,2,3,52
187,227,16,11,2,3,43
188,228,2,4,6,6,37
189,250,5,3,4,2,64
190,254,9,6,7,3,62
191,252,10,10,7,4,58
192,230,8,5,5,2,45
193,237,9,9,2,4,46
194,262,0,3,2,2,65
195,254,4,4,4,5,65
196,225,19,16,3,1,40
197,226,13,10,8,5,43
198,260,6,5,7,5,67
199,223,15,9,5,3,43
200,248,10,9,6,7,53
201,257,0,1,3,5,58
202,227,8,9,4,3,45
203,235,3,2,6,5,49
204,255,1,4,5,4,59
205,216,7,5,5,5,28
206,221,12,12,4,4,35
207,236,5,9,6,5,47
208,253,1,4,5,5,61
209,249,3,4,2,3,53
210,235,7,4,4,4,49
211,247,2,2,6,8,49
212,270,0,0,2,3,72
213,247,3,5,5,4,54
214,238,5,4,4,6,48
215,281,0,2,3,3,85
216,218,9,8,0,0,35
217,252,7,6,0,1,59
218,247,12,11,1,1,65
219,266,3,5,4,5,72
220,223,13,12,6,4,43
221,249,0,4,5,6,54
222,260,10,7,3,4,74
223,232,8,8,5,4,50
224,232,4,3,1,2,47
225,222,16,11,3,5,43
226,240,2,2,1,2,50
227,231,5,5,5,3,43
228,238,16,11,4,5,57
229,238,19,13,8,7,52
230,227,4,8,6,4,41
231,209,4,8,5,4,19
232,272,10,7,1,3,78
233,228,15,13,3,4,49
234,220,5,5,5,4,35
235,260,0,0,4,6,62
236,220,7,4,1,3,43
237,234,3,5,7,7,47
238,233,8,11,3,5,48
239,276,0,1,4,6,85
240,282,0,0,7,3,81
241,243,7,5,8,5,56
242,248,8,7,3,2,65
243,238,12,8,3,5,57
244,247,0,4,4,4,62
245,247,7,4,1,4,60
246,234,3,4,1,0,48
247,234,0,1,4,4,47
248,227,4,4,3,4,41
249,193,11,7,3,2,15
250,236,16,12,4,4,52
251,227,5,5,3,1,36
252,251,0,1,4,2,55
253,262,0,3,2,3,67
254,261,21,14,4,2,79
255,261,15,12,2,2,69
256,248,10,7,1,0,57
257,219,9,6,5,2,38
258,239,9,5,5,3,54
259,225,14,11,5,3,42
260,247,2,2,6,5,53
261,244,3,7,3,4,51
262,231,1,2,2,4,48
263,252,0,5,5,5,61
264,248,9,10,3,6,57
265,260,12,10,4,6,71
266,235,14,8,2,6,58
267,229,14,11,3,1,43
268,264,0,2,4,3,68
269,249,0,4,4,2,52
270,232,8,8,6,7,50
271,247,0,0,4,5,54
272,249,0,1,1,3,55
273,244,0,2,6,4,56
274,218,22,15,3,4,39
275,251,0,1,4,6,60
276,266,10,9,7,5,72
277,211,10,7,5,3,28
278,223,2,3,7,5,40
279,238,0,2,3,3,47
280,223,11,9,1,0,39
281,226,21,16,3,3,45
282,237,1,2,5,3,44
283,245,14,9,8,7,61
284,241,9,7,3,3,59
285,246,12,10,2,4,56
286,261,0,1,5,2,70
287,221,12,9,4,5,37
288,229,11,9,9,7,41
289,252,5,4,3,1,60
290,264,3,3,5,3,74
291,228,15,10,3,2,43
292,243,8,5,7,4,57
293,236,3,4,5,5,51
294,218,6,6,3,3,36
295,251,8,8,6,7,57
296,231,11,9,6,4,54
297,249,14,9,3,3,60
298,242,7,6,3,4,55
299,212,0,1,3,4,25
300,211,3,3,2,3,29
301,257,9,8,2,5,68
302,240,14,8,6,3,60
303,222,9,9,6,3,42
304,250,8,7,4,6,56
305,243,11,7,4,4,59
306,268,6,4,6,4,78
307,251,8,6,2,2,60
308,240,6,4,7,6,58
309,240,4,2,8,4,50
310,254,9,7,4,8,70
311,234,6,6,9,5,46
312,282,8,8,5,5,90
313,236,9,7,4,4,46
314,240,4,4,3,5,54
315,233,10,9,3,3,44
316,253,0,1,4,6,63
317,252,4,5,1,5,60
318,254,10,7,3,2,66
319,225,10,9,6,3,33
320,211,18,14,6,6,27
321,234,1,1,4,5,46
322,253,12,10,3,3,64
323,243,12,8,4,5,61
324,236,0,3,4,3,41
325,250,3,6,3,4,54
326,221,0,5,3,1,32
327,236,12,7,6,5,53
328,248,0,4,4,3,59
329,258,8,8,1,1,65
330,220,9,8,2,5,40
331,204,3,2,7,8,27
332,263,5,6,4,4,64
333,224,3,3,2,4,41
334,230,6,5,3,2,43
335,216,11,10,3,5,32
336,240,3,7,3,5,54
337,238,10,7,8,6,49
338,258,6,6,8,5,67
339,206,0,2,10,5,18
340,253,10,8,7,4,63
341,226,14,10,8,5,42
342,248,0,3,6,5,63
343,230,9,7,5,3,42
344,218,11,8,3,3,36
345,229,6,5,3,3,44
346,266,0,3,3,4,73
347,228,4,3,4,3,48
348,247,8,7,6,4,59
349,217,0,4,4,4,29
350,237,16,16,3,3,54
351,243,8,8,3,3,48
352,234,3,2,5,2,47
353,218,9,9,5,4,33
354,243,4,2,1,2,49
355,239,8,7,3,2,51
356,238,11,10,1,1,47
357,250,3,2,3,2,65
358,265,10,9,1,2,74
359,213,16,12,3,2,36
360,221,8,6,7,5,31
361,224,8,6,5,3,37
362,249,14,10,5,3,66
363,240,0,1,3,2,48
364,247,3,3,5,2,60
365,230,8,6,3,3,46
366,248,0,4,0,1,57
367,245,13,10,2,3,61
368,229,13,9,3,3,43
369,247,0,2,1,1,56
370,252,1,4,8,9,61
371,230,8,6,2,4,42
372,229,4,3,4,2,41
373,266,5,6,2,5,71
374,247,7,5,6,6,61
375,246,4,4,1,1,61
376,241,4,8,5,6,50
377,252,0,3,2,2,64
378,224,0,4,3,2,44
379,256,0,1,5,3,59
380,251,11,7,3,3,70
381,221,11,8,4,3,37
382,242,0,3,3,2,57
383,251,0,1,6,6,63
384,229,8,7,1,1,43
385,242,2,2,6,7,52
386,246,8,5,6,7,57
387,230,0,3,6,3,45
388,228,13,9,4,5,48
389,242,9,6,0,0,52
390,223,5,7,5,3,34
391,231,0,1,1,1,46
392,245,0,2,0,3,53
393,250,0,3,3,1,60
394,242,4,2,2,3,51
395,225,17,11,7,4,45
396,251,3,6,1,3,60
397,238,12,10,2,2,46
398,242,0,3,4,3,55
399,267,2,3,4,3,73
400,227,8,8,3,1,42
401,249,14,9,3,1,63
402,240,4,4,2,3,46
403,238,7,5,2,4,53
404,229,10,8,4,4,43
405,263,0,1,4,3,68
406,246,17,16,4,5,60
407,243,7,7,4,3,49
408,226,7,6,5,4,37
409,241,13,9,6,7,58
410,267,0,2,8,5,71
411,231,0,0,4,3,48
412,222,13,10,4,7,44
413,233,0,1,9,6,51
414,241,1,3,2,1,50
415,235,17,12,3,5,47
416,243,2,1,7,5,51
417,213,7,4,6,7,31
418,243,23,16,4,3,61
419,244,12,9,10,8,54
420,248,1,4,4,5,56
421,259,6,5,2,4,67
422,262,10,8,3,4,64
423,239,9,6,5,4,48
424,250,1,4,3,2,59
425,263,6,5,1,2,65
426,245,11,10,3,2,57
427,247,10,10,2,2,53
428,232,11,8,6,7,42
429,244,15,11,1,1,58
430,233,1,4,6,3,48
431,236,6,5,2,4,44
432,246,9,7,1,3,57
433,251,15,15,3,2,62
434,221,0,1,5,6,34
435,213,0,1,6,4,35
436,222,11,9,1,3,37
437,213,11,9,1,2,33
438,237,3,7,3,2,44
439,215,18,14,1,2,38
440,225,3,5,4,3,41
441,225,12,11,4,4,39
442,234,6,8,6,6,47
443,230,2,4,7,5,41
444,221,15,10,5,2,35
445,246,3,4,2,2,51
446,233,14,9,3,2,51
447,237,7,7,3,2,44
448,258,0,1,1,1,67
449,234,0,2,3,3,46
450,236,16,14,2,2,52
451,244,7,4,2,1,55
452,246,6,6,6,3,61
453,267,12,9,6,5,79
454,218,19,14,4,4,39
455,239,7,7,3,3,53
456,238,5,7,3,2,50
457,249,0,0,5,6,64
458,262,10,6,6,5,72
459,232,7,6,3,2,48
460,245,13,9,1,5,59
461,248,6,8,5,7,59
462,254,3,4,9,5,57
463,226,7,7,3,1,36
464,247,10,6,7,5,58
465,271,0,0,10,7,79
466,223,5,6,4,4,35
467,244,6,6,1,0,53
468,247,1,4,1,3,50
469,252,4,4,3,2,59
470,283,4,3,4,2,82
471,232,15,13,5,2,47
472,257,5,5,3,4,66
473,255,5,4,2,3,63
474,248,9,6,1,4,61
475,234,6,6,5,2,46
476,229,20,16,1,2,48
477,232,4,6,4,2,49
478,257,5,6,7,4,68
479,223,3,3,2,2,36
480,253,0,5,3,2,62
481,225,11,8,2,3,43
482,251,11,9,3,7,59
483,229,13,9,6,4,40
484,257,1,2,1,2,67
485,239,9,7,1,1,54
486,205,7,5,8,5,32
487,241,9,9,5,4,52
488,234,5,4,5,7,47
489,233,0,0,0,1,49
490,243,15,13,1,1,58
491,207,18,11,5,4,30
492,245,15,11,0,1,54
493,258,0,2,2,4,66
494,240,1,3,4,5,48
495,219,7,8,6,3,35
496,250,4,5,7,6,59
497,246,0,1,3,1,55
498,225,9,7,2,3,48
499,240,2,3,4,6,46
500,232,1,3,4,4,52
501,266,8,6,3,5,74
502,241,7,8,3,4,47
503,257,3,2,4,4,63
504,236,0,3,4,5,49
505,257,7,5,2,4,68
506,242,3,4,4,5,49
507,233,4,5,5,5,44
508,238,1,3,3,1,47
509,236,10,8,0,2,49
510,244,0,4,2,3,53
511,237,11,10,6,4,50
512,220,6,7,1,1,34
513,220,3,5,3,1,31
514,236,2,2,3,3,49
515,233,17,13,6,4,51
516,244,8,5,5,3,57
517,225,3,6,6,4,42
518,247,0,2,5,4,49
519,221,7,4,8,4,34
520,234,2,5,2,2,49
521,250,2,3,3,1,61
522,243,2,5,2,1,56
523,243,1,4,3,3,54
524,243,4,5,4,3,50
525,235,3,3,6,7,50
526,277,5,5,3,2,85
527,248,11,9,4,4,55
528,273,0,0,4,4,72
529,252,13,11,3,2,63
530,224,7,8,5,3,40
531,241,8,6,6,5,47
532,242,10,7,7,4,58
533,259,0,1,5,5,60
534,238,0,3,6,7,47
535,263,8,5,4,4,75
536,221,7,4,7,8,41
537,240,8,7,6,4,56
538,209,5,7,4,4,31
539,235,2,2,4,3,48
540,281,0,1,5,4,83
541,237,1,5,6,8,50
542,259,3,4,4,9,62
543,249,11,10,4,2,67
544,235,7,5,10,7,52
545,243,7,6,5,5,54
546,242,13,11,3,3,57
547,239,0,1,8,7,47
548,260,0,4,3,2,69
549,239,10,13,1,2,52
550,236,10,8,6,5,49
551,248,0,3,3,2,54
552,231,9,6,5,4,47
553,254,1,2,3,1,64
554,208,5,4,2,2,30
555,252,1,3,3,5,55
556,243,4,5,5,2,45
557,259,5,7,6,3,67
558,231,12,10,3,3,44
559,246,11,9,6,5,56
560,223,9,6,5,2,45
561,229,0,3,5,5,33
562,244,7,6,1,0,52
563,233,6,4,8,5,41
564,252,9,6,3,1,69
565,226,0,2,3,3,44
566,230,10,8,4,5,44
567,218,15,11,2,5,32
568,247,4,5,6,4,63
569,276,0,4,4,5,82
570,211,19,13,2,4,33
571,240,3,10,5,4,48
572,249,2,2,5,6,56
573,224,14,12,2,3,43
574,235,6,4,5,3,48
575,218,7,7,2,4,44
576,269,4,6,7,3,74
577,219,11,7,3,2,31
578,228,1,4,5,2,47
579,255,10,7,5,2,61
580,219,8,6,2,3,32
581,245,2,4,4,5,58
582,231,13,9,2,3,48
583,272,5,6,5,5,79
584,235,10,8,4,5,46
585,220,4,4,2,4,40
586,247,12,9,3,2,56
587,210,10,7,12,9,29
588,249,6,8,5,4,55
589,249,6,4,3,4,62
590,275,8,6,3,4,79
591,227,2,2,4,5,42
592,253,1,0,5,2,61
593,221,10,8,3,2,38
594,248,9,9,5,4,60
595,245,7,6,3,1,59
596,222,16,12,6,5,44
597,226,13,10,3,3,45
598,222,8,7,4,3,36
599,249,0,2,2,2,56
600,258,13,9,2,2,63
601,236,11,11,3,4,48
602,236,3,2,5,6,47
603,212,26,17,4,4,36
604,237,9,12,5,5,50
605,232,11,7,2,1,48
606,250,9,8,3,1,63
607,264,11,7,5,4,75
608,225,17,12,3,5,44
609,266,2,1,6,7,65
610,254,3,4,5,10,63
611,263,8,5,3,2,69
612,240,0,1,6,8,55
613,227,0,2,5,5,37
614,252,0,3,1,2,60
615,218,8,6,4,4,38
616,215,4,6,1,3,31
617,217,15,11,2,3,36
618,244,15,12,3,2,60
619,253,5,3,9,6,57
620,258,8,6,4,4,63
621,241,13,11,5,6,53
622,254,7,6,5,6,62
623,236,3,5,2,2,44
624,223,18,14,7,4,37
625,247,14,14,3,3,65
626,252,0,3,4,6,61
627,205,22,17,3,3,33
628,217,11,8,4,3,33
629,247,4,4,4,4,58
630,230,5,4,6,8,41
631,250,2,1,6,4,65
632,212,16,10,2,2,28
633,251,13,12,6,4,59
634,250,0,2,7,4,58
635,252,0,1,3,3,64
636,236,12,9,2,5,49
637,233,8,7,4,5,46
638,259,7,6,1,3,65
639,240,2,1,8,5,50
640,252,1,3,5,3,62
641,246,5,5,4,5,58
642,250,0,3,5,4,52
643,231,11,14,7,8,41
644,253,0,0,4,4,63
645,252,1,3,3,1,56
646,254,2,3,3,6,64
647,251,6,7,2,3,56
648,220,0,0,1,1,33
649,243,10,6,3,3,61
650,249,10,6,5,5,63
651,253,8,8,6,8,65
652,226,6,6,2,2,38
653,225,7,6,5,5,48
654,241,0,2,6,3,47
655,238,9,8,3,2,53
656,223,4,5,0,3,36
657,224,11,8,3,1,42
658,226,18,14,3,2,49
659,259,2,1,5,3,63
660,251,3,5,3,3,58
661,244,5,8,1,3,54
662,247,9,8,4,7,53
663,260,4,3,2,4,65
664,235,8,5,3,2,46
665,261,5,6,9,6,73
666,233,1,4,6,5,41
667,238,1,1,4,2,49
668,247,3,4,6,7,57
669,252,12,8,4,3,66
670,241,10,8,2,6,50
671,223,9,8,7,5,40
672,241,6,5,10,8,51
673,236,6,4,4,8,47
674,258,9,7,1,2,64
675,241,5,5,6,4,49
676,241,6,6,4,4,52
677,224,16,10,5,5,46
678,238,4,7,1,6,46
679,245,5,7,4,4,56
680,232,0,3,3,3,45
681,234,14,9,0,1,45
682,247,5,6,2,2,54
683,224,11,6,4,4,40
684,246,3,5,2,3,59
685,245,11,10,7,8,58
686,234,5,5,2,1,50
687,221,13,10,2,2,39
688,239,0,1,7,7,54
689,221,3,3,4,5,37
690,256,11,8,3,3,66
691,249,0,1,1,1,55
692,252,10,8,3,2,59
693,230,0,2,3,1,48
694,223,6,4,4,3,40
695,222,9,7,2,3,41
696,229,0,1,5,4,47
697,245,8,6,1,2,53
698,239,8,7,6,6,52
699,233,0,4,5,4,46
700,253,4,2,5,4,65
701,235,5,4,4,3,55
702,245,5,5,4,3,58
703,259,1,3,0,1,67
704,243,10,8,5,3,58
705,236,0,2,8,5,46
706,221,1,2,4,5,32
707,282,0,0,3,3,83
708,230,9,8,5,6,45
709,228,10,8,2,5,44
710,244,12,9,5,3,60
711,236,2,2,3,3,47
712,239,7,6,4,4,51
713,248,11,8,6,3,66
714,228,10,6,2,3,46
715,242,9,5,2,3,56
716,260,5,5,3,2,66
717,245,0,0,3,8,63
718,238,0,1,3,3,46
719,251,0,2,8,4,55
720,233,6,4,4,4,49
721,215,7,5,2,2,34
722,247,6,6,4,4,52
723,234,2,2,4,5,45
724,271,1,2,4,5,74
725,261,7,5,4,5,74
726,236,3,4,3,3,46
727,252,7,5,2,6,62
728,251,4,4,4,4,64
729,219,4,4,6,4,37
730,264,0,2,4,3,69
731,239,16,12,3,2,59
732,210,6,6,6,5,23
733,237,5,4,6,5,54
734,242,10,9,1,3,52
735,241,0,0,4,5,51
736,256,10,10,3,2,65
737,240,4,2,2,3,52
738,226,9,7,5,3,40
739,236,6,5,3,2,52
740,228,8,9,6,6,44
741,234,10,7,8,8,50
742,234,5,4,3,3,40
743,232,17,13,4,4,44
744,213,4,3,6,4,28
745,262,6,6,3,4,74
746,242,5,4,6,6,60
747,226,15,11,4,3,41
748,235,9,7,3,3,49
749,217,0,0,1,2,32
750,253,4,3,6,4,58
751,235,11,8,4,3,49
752,251,16,12,2,5,65
753,245,7,6,7,9,55
754,269,0,2,2,3,70
755,228,17,12,3,4,49
756,260,9,6,2,2,74
757,245,7,5,6,4,69
758,236,5,4,3,1,50
759,263,8,8,6,7,77
760,216,11,9,3,3,30
761,216,11,9,5,3,38
762,253,1,0,8,6,63
763,239,0,2,6,7,54
764,246,6,5,5,5,53
765,267,11,9,5,5,77
766,245,5,5,2,1,49
767,240,11,9,1,3,48
768,273,4,3,2,3,75
769,246,6,6,5,3,54
770,247,8,7,3,3,58
771,208,1,5,4,2,26
772,241,7,6,2,2,60
773,248,8,6,2,3,61
774,250,5,5,0,0,65
775,254,14,11,4,4,61
776,242,1,2,1,1,58
777,230,1,2,3,3,44
778,230,6,9,3,4,47
779,217,3,5,6,3,32
780,234,8,7,5,4,52
781,243,15,13,3,3,49
782,248,6,6,8,7,59
783,226,10,7,2,1,37
784,239,5,3,3,5,48
785,250,3,7,2,1,57
786,225,1,4,6,8,42
787,243,8,8,3,1,54
788,247,0,4,1,1,56
789,220,13,9,6,3,36
790,223,0,2,5,3,35
791,237,2,4,8,7,44
792,241,0,1,3,4,52
793,215,14,9,5,4,33
794,233,1,2,4,4,43
795,236,7,5,1,1,45
796,236,0,2,9,6,43
797,220,3,4,3,6,42
798,217,12,11,4,6,41
799,239,7,4,3,2,50
800,245,13,10,5,6,63
801,254,5,7,3,2,56
802,232,13,9,2,3,47
803,244,0,3,2,2,53
804,252,3,5,5,5,65
805,251,11,11,3,3,60
806,264,8,6,5,3,78
807,261,2,1,5,3,68
808,217,15,12,5,4,40
809,234,4,2,4,3,46
810,253,7,6,10,6,63
811,277,0,1,1,2,79
812,233,3,3,1,2,49
813,231,2,2,3,4,42
814,274,6,6,4,6,80
815,226,0,8,7,7,37
816,243,7,7,4,4,53
817,224,8,6,4,3,34
818,256,9,7,7,9,65
819,245,7,7,8,6,55
820,241,0,2,3,3,48
821,248,3,2,4,3,60
822,210,16,15,5,4,30
823,226,0,1,3,4,35
824,262,0,3,5,3,63
825,243,20,14,0,0,57
826,249,8,6,4,4,58
827,248,3,5,1,4,61
828,224,12,9,6,4,41
829,252,8,6,5,3,71
830,240,8,6,3,1,56
831,229,11,9,2,6,47
832,248,3,3,2,4,57
833,227,12,7,3,5,41
834,267,9,9,7,6,73
835,272,1,1,4,4,79
836,233,10,8,3,3,56
837,262,2,4,3,2,61
838,231,4,5,4,4,44
839,245,1,1,5,5,50
840,255,11,10,2,4,66
841,265,15,14,5,2,81
842,206,13,9,4,3,29
843,247,3,3,5,4,58
844,237,6,6,5,2,50
845,224,13,9,3,2,41
846,240,5,4,4,3,50
847,253,15,12,4,4,66
848,254,9,6,2,3,61
849,213,1,4,2,2,28
850,249,0,3,3,3,60
851,250,6,7,8,7,57
852,265,12,8,0,1,68
853,231,0,0,5,3,46
854,237,4,5,4,3,54
855,245,11,11,2,3,63
856,268,1,3,3,1,72
857,224,12,9,3,2,35
858,251,5,5,2,2,65
859,235,4,3,2,4,47
860,240,0,0,1,1,47
861,245,2,5,3,1,49
862,225,5,4,6,4,43
863,252,10,7,2,3,68
864,234,4,3,5,4,47
865,220,0,2,3,4,32
866,262,0,3,2,3,63
867,250,9,8,4,2,61
868,252,17,13,5,7,61
869,287,0,2,1,2,83
870,278,3,6,8,5,89
871,247,7,7,1,1,60
872,243,17,11,2,8,55
873,265,1,3,5,6,67
874,212,7,12,6,5,29
875,231,12,8,4,2,48
876,251,3,4,1,1,63
877,247,7,6,3,3,57
878,249,5,7,4,3,66
879,236,0,3,7,4,41
880,246,7,8,4,3,53
881,264,2,3,3,1,70
882,241,0,3,4,2,55
883,251,7,5,6,5,65
884,223,16,10,4,3,37
885,239,7,6,1,3,47
886,239,5,4,4,3,53
887,238,0,1,11,7,51
888,218,13,9,6,5,32
889,249,7,7,4,3,50
890,249,5,3,7,5,58
891,222,7,5,5,4,39
892,233,0,2,2,2,44
893,243,7,7,3,2,59
894,240,10,6,3,4,52
895,236,8,9,5,6,51
896,233,7,6,5,2,48
897,248,5,5,3,5,62
898,266,0,1,7,5,80
899,246,9,9,3,1,58
900,226,12,11,5,8,43
901,261,0,3,6,5,60
902,229,3,4,4,2,46
903,221,3,4,3,2,37
904,230,0,1,2,2,38
905,257,2,2,6,5,65
906,244,0,3,4,4,62
907,237,14,10,2,3,53
908,261,7,9,4,4,70
909,228,10,12,2,2,42
910,261,7,6,3,5,71
911,236,9,9,1,0,43
912,241,14,10,6,5,55
913,231,12,11,3,4,49
914,262,7,8,8,5,65
915,240,11,9,2,5,54
916,254,9,6,6,7,67
917,242,0,5,6,5,52
918,244,5,5,1,2,56
919,217,7,5,5,7,29
920,228,0,2,2,2,40
921,239,16,12,3,3,53
922,231,11,10,3,6,42
923,233,0,4,8,4,44
924,236,0,0,3,2,45
925,233,15,10,3,4,43
926,248,6,7,5,6,58
927,233,9,12,4,2,44
928,234,3,3,5,4,42
929,238,6,6,1,1,58
930,249,5,4,3,3,58
931,238,0,0,9,5,49
932,234,4,6,7,4,44
933,229,12,9,5,2,39
934,222,0,1,4,8,38
935,238,4,4,3,2,50
936,254,1,3,4,3,65
937,234,15,9,8,4,51
938,257,16,12,7,4,65
939,229,1,3,6,5,47
940,231,4,6,7,9,39
941,229,14,11,3,4,40
942,211,14,9,3,2,31
943,215,9,5,3,4,30
944,248,11,8,3,2,62
945,222,12,8,7,3,40
946,256,0,0,3,5,60
947,267,2,2,4,3,71
948,284,0,1,4,2,83
949,246,2,3,6,3,52
950,224,6,7,4,4,43
951,240,0,3,3,3,48
952,239,1,5,4,5,48
953,260,9,7,10,6,68
954,281,9,7,2,5,80
955,241,9,5,6,4,49
956,232,7,7,0,1,47
957,232,8,10,3,1,42
958,260,11,7,3,2,71
959,251,18,12,3,2,63
960,242,2,1,9,7,55
961,235,7,4,7,3,52
962,247,6,8,8,7,60
963,230,12,8,3,3,46
964,233,24,15,4,5,59
965,232,14,11,2,4,48
966,211,7,7,4,9,25
967,214,16,10,5,4,28
968,256,0,2,6,4,69
969,226,10,10,6,5,38
970,224,6,5,4,5,41
971,253,8,9,6,4,64
972,215,11,8,3,3,32
973,219,3,6,6,7,34
974,227,0,2,4,3,38
975,219,15,11,4,3,31
976,238,12,8,2,6,53
977,228,13,11,3,3,43
978,257,0,3,4,4,61
979,233,4,6,5,6,47
980,256,10,9,5,4,62
981,271,4,3,2,2,79
982,259,3,2,1,3,67
983,288,4,3,6,4,93
984,260,0,0,6,3,60
985,231,2,6,3,3,45
986,237,5,8,7,4,51
987,234,11,9,3,3,54
988,277,9,9,4,3,79
989,232,4,4,8,6,44
990,248,2,2,1,4,62
991,229,5,6,2,6,45
992,227,4,3,6,5,36
993,254,0,1,6,4,63
994,225,6,8,3,2,44
995,243,16,9,7,4,58
996,227,3,4,3,4,42
997,252,8,11,7,4,59
998,238,5,6,7,4,47
999,252,6,5,2,2,63
1000,254,11,9,3,4,71
1001,249,7,5,3,2,63
1002,241,0,0,6,4,54
1003,240,9,8,2,2,53
1004,274,1,5,4,6,71
1005,241,3,6,3,4,55
1006,234,14,11,5,9,52
1007,257,1,4,6,5,69
1008,232,6,3,3,2,50
1009,233,9,7,5,3,45
1010,272,9,8,2,2,74
1011,234,8,6,2,2,39
1012,260,0,2,7,6,67
1013,247,2,4,5,4,55
1014,273,6,5,6,3,77
1015,248,0,2,3,3,59
1016,245,6,7,5,4,59
1017,263,3,6,2,5,71
1018,226,2,2,4,6,44
1019,226,3,4,4,4,37
1020,224,9,9,3,2,38
1021,234,0,1,5,3,40
1022,251,11,13,5,4,67
1023,219,15,10,5,5,38
1024,244,11,9,3,4,59
1025,241,6,9,2,5,50
1026,216,12,7,5,5,37
1027,238,0,3,8,5,48
1028,234,13,10,5,4,52
1029,237,12,8,6,4,53
1030,246,4,5,8,7,57
1031,263,4,3,6,4,70
1032,238,9,10,5,2,53
1033,236,5,4,3,2,45
1034,258,7,4,3,3,65
1035,251,2,2,7,6,60
1036,236,10,8,6,7,46
1037,253,1,6,4,2,57
1038,221,1,3,5,4,38
1039,246,5,5,6,4,56
1040,249,4,5,6,6,55
1041,240,7,5,6,4,54
1042,236,15,10,0,2,41
1043,224,9,9,8,5,44
1044,223,5,5,5,4,37
1045,242,4,3,4,5,56
1046,239,3,5,5,5,49
1047,246,0,3,4,3,55
1048,241,5,5,2,2,56
1049,239,6,5,3,1,49
1050,240,0,3,4,4,53
1051,259,0,0,3,3,75
1052,245,12,10,4,5,55
1053,217,15,11,2,3,32
1054,221,9,6,4,3,36
1055,251,2,3,3,1,64
1056,258,0,1,5,4,64
1057,243,5,9,4,4,52
1058,210,14,9,7,6,31
1059,224,6,4,2,4,45
1060,230,8,8,4,7,44
1061,253,9,10,8,7,56
1062,236,3,6,1,2,46
1063,239,11,11,7,5,56
1064,256,6,9,5,6,61
1065,248,0,3,2,6,55
1066,224,15,11,1,2,45
1067,223,9,10,9,4,38
1068,237,4,4,2,4,46
1069,233,10,9,6,6,45
1070,247,10,9,2,2,60
1071,238,6,5,5,3,49
1072,252,8,8,2,3,62
1073,253,0,2,4,4,62
1074,240,5,5,3,2,50
1075,236,8,5,3,3,46
1076,246,9,9,7,6,53
1077,253,0,1,3,3,60
1078,214,2,1,4,5,41
1079,274,5,4,3,1,82
1080,249,3,4,1,3,57
1081,227,13,11,2,4,44
1082,262,9,8,6,4,70
1083,225,3,5,3,4,30
1084,258,5,5,5,2,64
1085,252,10,8,3,1,59
1086,243,0,0,4,6,52
1087,270,0,1,9,7,70
1088,223,11,7,2,4,37
1089,216,9,6,1,1,30
1090,231,0,1,4,4,40
1091,240,8,6,4,3,52
1092,251,14,11,4,4,64
1093,254,0,1,6,6,60
1094,227,12,9,3,3,51
1095,243,6,6,6,6,49
1096,230,5,5,5,4,41
1097,250,13,10,2,3,63
1098,229,7,6,3,4,45
1099,239,20,12,3,3,51
1100,233,20,12,9,6,47
1101,241,1,3,6,4,51
1102,255,0,1,7,4,59
1103,222,8,5,1,1,38
1104,239,0,0,2,4,55
1105,253,6,4,6,4,63
1106,243,6,6,7,6,55
1107,235,10,7,3,1,49
1108,239,2,3,6,5,50
1109,242,0,5,5,5,50
1110,253,1,2,4,6,59
1111,247,0,2,7,3,51
1112,241,5,5,7,5,45
1113,229,0,2,5,3,41
1114,242,4,4,5,3,57
1115,267,6,4,1,2,75
1116,240,0,1,5,5,54
1117,217,13,8,5,2,35
1118,242,2,2,6,5,53
1119,245,7,9,6,7,59
1120,243,8,5,5,2,56
1121,236,5,4,2,3,47
1122,233,12,7,3,4,48
1123,246,12,9,3,4,56
1124,232,2,5,0,3,48
1125,244,4,5,3,1,55
1126,226,5,8,3,2,42
1127,239,7,5,4,3,48
1128,223,2,2,4,7,31
1129,250,0,4,2,4,61
1130,226,5,5,5,3,43
1131,234,5,4,2,3,47
1132,258,9,10,8,5,66
1133,224,2,4,4,8,42
1134,217,15,10,1,3,40
1135,238,13,10,4,6,50
1136,232,16,10,5,6,48
1137,217,0,4,4,2,38
1138,254,11,7,2,5,67
1139,233,15,10,5,4,44
1140,261,7,6,1,2,66
1141,270,0,3,5,7,72
1142,269,0,6,4,4,71
1143,262,0,2,3,2,69
1144,217,2,2,2,3,30
1145,233,12,8,3,4,49
1146,220,0,3,7,4,30
1147,249,5,4,4,5,56
1148,248,15,12,1,1,67
1149,259,5,5,2,2,68
1150,263,14,9,3,3,72
1151,242,5,4,2,2,49
1152,247,11,10,4,6,61
1153,215,17,11,6,5,29
1154,251,8,12,1,4,70
1155,232,8,7,4,5,50
1156,260,1,3,10,7,71
1157,236,13,11,6,6,52
1158,238,12,8,4,3,51
1159,261,0,1,6,4,68
1160,235,5,5,5,6,49
1161,240,1,2,2,2,47
1162,252,8,6,4,2,59
1163,254,7,7,5,4,68
1164,241,9,9,4,3,50
1165,247,5,9,3,3,56
1166,261,13,9,3,3,68
1167,219,12,8,3,4,35
1168,229,7,4,2,3,48
1169,237,6,6,2,3,48
1170,229,2,1,7,5,43
1171,236,11,10,2,2,43
1172,219,2,6,1,3,28
1173,224,13,9,7,4,37
1174,257,1,6,3,4,66
1175,257,16,13,1,5,70
1176,233,13,8,4,4,50
1177,259,9,10,1,1,72
1178,247,10,9,4,2,53
1179,193,11,7,4,4,12
1180,254,0,1,4,3,58
1181,229,6,5,2,2,43
1182,258,5,6,4,3,64
1183,238,11,7,3,6,50
1184,227,12,10,10,6,40
1185,256,3,5,4,2,58
1186,220,2,4,2,5,38
1187,240,4,2,3,3,48
1188,226,1,2,3,1,43
1189,254,2,1,5,3,63
1190,245,7,6,4,5,57
1191,255,12,8,4,4,65
1192,228,7,7,3,2,40
1193,257,0,2,2,3,66
1194,260,0,1,5,4,70
1195,239,0,1,3,2,51
1196,240,11,8,3,4,46
1197,221,0,2,5,6,30
1198,230,11,9,4,5,44
1199,228,7,8,2,1,40
1200,216,2,2,8,5,36
1201,241,0,4,5,5,48
1202,255,4,4,3,3,64
1203,231,8,6,5,4,50
1204,284,10,7,3,6,86
1205,233,11,9,3,2,46
1206,278,0,0,3,5,81
1207,216,12,9,3,3,31
1208,240,15,11,6,7,49
1209,239,13,9,7,4,52
1210,256,11,8,3,3,64
1211,254,0,1,4,2,57
1212,215,11,7,4,7,34
1213,221,4,4,2,2,34
1214,242,2,1,1,1,48
1215,227,10,7,3,2,47
1216,215,10,12,6,6,31
1217,249,14,12,4,4,57
1218,235,11,8,3,7,47
1219,223,4,3,6,6,41
1220,238,7,6,5,3,45
1221,222,9,8,0,0,35
1222,240,0,2,1,3,48
1223,229,0,0,7,5,43
1224,225,11,8,3,5,36
1225,243,15,12,4,5,60
1226,229,7,5,6,4,45
1227,237,0,2,5,4,48
1228,228,9,7,10,8,47
1229,243,12,8,3,1,52
1230,257,6,6,6,5,71
1231,233,7,6,1,5,47
1232,233,3,6,4,3,43
1233,242,10,9,7,5,54
1234,249,10,8,3,4,60
1235,244,11,9,1,0,57
1236,215,5,6,1,2,36
1237,228,3,3,3,4,35
1238,225,1,2,2,5,42
1239,262,3,4,3,3,71
1240,235,7,7,3,5,50
1241,251,7,4,1,0,58
1242,248,2,2,5,6,56
1243,216,5,6,3,5,32
1244,234,6,4,1,2,51
1245,221,8,9,4,3,34
1246,232,1,4,6,4,43
1247,225,11,6,4,3,40
1248,233,5,6,1,0,47
1249,252,10,11,3,3,58
1250,258,0,1,5,7,68
1251,239,4,3,5,4,49
1252,231,2,3,3,5,43
1253,218,11,10,7,5,34
1254,249,0,2,3,3,50
1255,228,9,7,4,5,40
1256,223,12,10,6,9,39
1257,231,2,2,4,4,52
1258,254,7,7,4,5,65
1259,253,8,9,3,5,57
1260,228,9,9,8,6,46
1261,239,0,1,5,4,46
1262,234,2,1,6,7,45
1263,211,1,3,5,3,31
1264,228,7,5,4,3,41
1265,268,14,9,4,4,79
1266,253,15,12,2,2,63
1267,189,19,14,5,3,11
1268,251,8,5,5,5,66
1269,216,10,10,3,5,33
1270,263,2,4,4,4,69
1271,233,1,0,1,1,45
1272,251,4,3,1,2,66
1273,233,7,5,3,2,41
1274,229,4,4,6,7,41
1275,236,2,4,2,3,52
1276,226,3,7,7,7,46
1277,244,0,3,4,4,50
1278,228,5,3,3,7,52
1279,249,21,14,5,3,65
1280,259,12,9,6,4,74
1281,232,1,2,2,2,45
1282,222,9,6,5,2,40
1283,267,1,4,3,6,78
1284,222,9,7,4,4,42
1285,250,2,3,2,1,61
1286,216,8,7,1,3,34
1287,223,20,13,3,2,39
1288,279,0,3,3,2,81
1289,263,0,0,7,3,62
1290,246,1,3,5,6,52
1291,241,6,5,3,5,53
1292,242,8,7,2,1,55
1293,270,17,10,3,6,76
1294,256,4,6,4,4,65
1295,203,10,7,4,5,30
1296,234,8,8,1,1,44
1297,246,8,6,5,3,57
1298,243,13,12,5,3,52
1299,254,6,5,3,4,58
1300,242,9,7,2,1,52
1301,264,18,15,10,7,69
1302,237,5,8,6,5,54
1303,249,4,3,4,5,54
1304,240,4,4,1,0,49
1305,236,2,2,5,3,47
1306,247,8,6,5,5,58
1307,232,4,3,3,5,52
1308,242,2,3,2,1,49
1309,248,6,7,5,4,57
1310,226,4,4,3,3,46
1311,246,0,1,4,2,50
1312,256,13,10,2,2,67
1313,250,7,4,1,1,59
1314,249,13,9,6,7,60
1315,267,0,1,3,3,73
1316,246,3,6,9,8,55
1317,234,9,8,3,2,44
1318,252,0,1,2,3,61
1319,223,8,7,3,6,39
1320,234,9,8,5,3,46
1321,228,8,7,3,2,43
1322,232,9,6,3,2,42
1323,237,3,6,4,6,49
1324,236,11,10,4,3,45
1325,267,0,2,1,2,67
1326,245,7,4,1,1,55
1327,258,3,4,4,3,64
1328,202,16,12,6,6,25
1329,212,8,5,1,1,26
1330,253,0,2,2,4,58
1331,218,9,8,2,1,27
1332,231,2,1,4,4,44
1333,253,8,7,7,5,65
1334,258,4,5,4,2,60
1335,251,1,1,5,5,60
1336,234,14,8,5,3,46
1337,227,10,10,2,5,40
1338,241,0,2,3,7,49
1339,230,11,10,6,4,37
1340,235,0,4,3,2,42
1341,254,18,12,3,5,64
1342,290,3,3,6,3,94
1343,235,0,0,4,3,46
1344,251,5,3,10,5,55
1345,270,9,7,6,8,79
1346,226,0,3,6,5,44
1347,233,13,10,4,3,43
1348,216,1,4,4,5,29
1349,231,5,5,0,2,45
1350,213,4,2,8,4,31
1351,217,2,2,5,4,36
1352,270,2,5,1,3,72
1353,258,19,13,3,1,70
1354,250,5,3,5,7,53
1355,236,6,5,5,5,46
1356,261,1,2,1,1,73
1357,270,7,4,8,10,82
1358,249,3,3,4,7,59
1359,245,0,2,8,7,55
1360,233,8,8,8,5,43
1361,244,7,4,2,4,53
1362,261,0,2,1,0,70
1363,254,11,8,2,2,66
1364,242,5,5,4,3,50
1365,261,9,7,7,7,63
1366,238,6,5,6,6,54
1367,257,0,3,2,6,62
1368,229,1,5,7,4,41
1369,250,11,9,3,7,63
1370,240,7,8,5,2,49
1371,239,7,6,3,4,51
1372,222,14,9,5,3,37
1373,236,6,6,1,2,47
1374,232,5,9,6,3,52
1375,250,0,2,4,3,57
1376,234,0,2,3,2,46
1377,226,0,0,5,7,46
1378,221,1,2,4,4,35
1379,225,10,7,2,2,45
1380,242,0,2,4,3,50
1381,248,20,16,7,4,56
1382,243,7,5,2,2,51
1383,247,4,5,5,3,57
1384,247,2,2,5,5,66
1385,240,6,7,5,3,47
1386,240,3,4,1,1,51
1387,253,11,10,2,4,65
1388,258,3,2,9,5,67
1389,231,8,6,5,3,48
1390,236,2,4,5,6,44
1391,250,10,6,5,5,65
1392,227,16,11,2,2,41
1393,261,0,0,2,3,64
1394,177,11,9,4,5,1
1395,240,14,10,5,5,51
1396,244,6,5,6,3,55
1397,251,11,7,3,3,61
1398,265,0,4,10,7,75
1399,240,12,7,4,7,52
1400,238,6,7,3,3,54
1401,217,0,2,5,3,32
1402,240,11,8,4,3,51
1403,270,0,2,4,6,70
1404,239,1,2,6,4,52
1405,229,10,7,5,6,42
1406,215,10,9,4,3,35
1407,250,4,5,4,6,61
1408,230,6,5,5,2,43
1409,230,4,5,3,4,44
1410,241,3,4,4,4,53
1411,249,0,2,5,4,51
1412,241,8,6,4,4,58
1413,211,7,4,5,3,28
1414,238,9,9,3,2,59
1415,232,8,6,6,6,51
1416,255,11,9,3,2,63
1417,254,10,8,4,4,63
1418,262,9,11,8,8,70
1419,219,15,12,2,5,41
1420,238,2,3,7,4,46
1421,226,6,7,0,1,37
1422,259,2,2,8,5,68
1423,242,11,7,7,5,52
1424,212,8,6,4,5,37
1425,244,5,4,6,6,52
1426,254,3,5,5,2,56
1427,257,2,2,6,7,65
1428,287,0,4,4,4,86
1429,253,6,4,6,4,65
1430,235,2,5,4,6,47
1431,259,8,8,8,7,68
1432,211,15,11,2,2,29
1433,231,5,6,3,1,44
1434,230,0,1,4,5,46
1435,243,11,9,4,3,50
1436,236,9,7,4,3,51
1437,229,3,4,8,5,47
1438,228,2,1,5,3,40
1439,232,4,4,6,4,42
1440,224,1,2,5,5,42
1441,226,0,5,4,3,36
1442,250,5,7,4,2,61
1443,226,13,11,3,1,37
1444,222,0,3,5,4,33
1445,249,8,7,3,5,61
1446,243,18,13,5,3,52
1447,208,14,9,4,5,30
1448,260,2,7,2,2,67
1449,214,8,6,2,2,32
1450,277,0,1,3,2,85
1451,251,0,2,6,4,58
1452,227,11,9,6,5,45
1453,220,0,1,4,6,32
1454,258,0,1,1,2,63
1455,244,11,9,5,2,57
1456,214,10,8,4,4,32
1457,225,12,10,7,5,39
1458,237,13,9,4,7,52
1459,238,0,1,2,4,56
1460,218,5,3,5,2,33
1461,244,9,6,5,6,54
1462,240,3,2,4,3,56
1463,253,15,12,5,2,65
1464,232,13,11,0,1,44
1465,239,0,1,7,3,48
1466,266,11,8,1,2,81
1467,248,5,6,4,6,64
1468,260,0,0,5,4,70
1469,242,19,14,4,4,50
1470,226,14,11,7,6,40
1471,253,5,7,5,2,67
1472,265,12,13,5,3,75
1473,232,16,11,0,0,43
1474,219,13,14,3,4,35
1475,256,15,9,4,5,69
1476,217,0,1,6,4,28
1477,219,7,6,4,5,38
1478,259,0,3,6,4,68
1479,229,9,9,4,4,41
1480,247,9,6,0,2,56
1481,226,7,8,2,4,40
1482,260,9,7,1,1,65
1483,225,13,9,5,4,41
1484,231,6,4,2,5,45
1485,269,0,2,3,3,75
1486,228,7,7,6,5,40
1487,234,12,9,9,5,48
1488,256,8,8,7,7,68
1489,253,10,7,5,4,63
1490,233,14,10,5,3,49
1491,234,0,3,0,2,47
1492,251,4,3,2,2,58
1493,228,11,8,2,5,44
1494,261,13,10,5,4,68
1495,264,4,4,5,3,61
1496,244,13,9,6,4,61
1497,221,17,11,5,3,35
1498,216,12,12,6,3,31
1499,240,4,5,1,2,50
1500,256,13,10,7,5,65
1501,244,2,3,7,5,57
1502,224,18,14,3,5,39
1503,211,7,5,6,4,30
1504,252,11,7,6,4,60
1505,215,12,8,6,4,37
1506,245,7,4,4,5,58
1507,229,15,10,3,2,47
1508,250,10,8,2,3,57
1509,238,3,3,7,6,50
1510,228,13,12,7,5,39
1511,221,13,13,2,3,44
1512,229,0,2,3,3,41
1513,229,6,5,3,3,42
1514,241,5,3,2,5,54
1515,224,10,6,4,4,44
1516,220,15,11,5,3,36
1517,223,19,13,6,4,46
1518,236,3,4,5,4,48
1519,241,19,13,3,4,59
1520,258,0,2,1,3,58
1521,244,3,2,4,2,55
1522,237,5,4,2,1,48
1523,214,13,11,7,4,39
1524,243,7,7,2,4,60
1525,239,2,5,7,4,49
1526,245,0,1,4,2,51
1527,219,5,7,3,3,34
1528,242,9,8,6,7,56
1529,212,10,8,5,3,31
1530,253,0,2,5,5,60
1531,234,7,4,2,3,51
1532,245,4,7,4,2,51
1533,261,8,8,3,1,65
1534,227,3,3,2,2,34
1535,248,5,6,4,3,58
1536,261,2,3,4,2,68
1537,256,10,6,3,3,64
1538,231,0,1,4,3,40
1539,214,8,5,4,4,31
1540,229,13,10,7,4,44
1541,249,13,13,4,3,55
1542,266,5,5,3,2,70
1543,263,9,5,2,3,74
1544,214,5,3,4,5,33
1545,245,3,3,7,4,57
1546,231,13,13,3,1,46
1547,221,15,10,3,4,39
1548,226,13,12,0,2,37
1549,249,0,4,5,5,57
1550,234,12,12,3,3,44
1551,215,5,6,4,3,27
1552,231,10,9,5,4,40
1553,246,7,7,0,5,55
1554,260,3,2,5,4,67
1555,264,10,7,5,5,66
1556,239,1,2,3,1,44
1557,239,0,1,3,3,45
1558,258,8,7,6,6,69
1559,249,1,2,6,5,59
1560,227,3,5,2,4,43
1561,225,10,8,8,7,35
1562,246,7,8,6,6,58
1563,255,1,1,3,3,60
1564,243,6,5,5,6,56
1565,220,11,7,3,4,34
1566,240,18,14,2,4,56
1567,243,3,5,3,3,49
1568,233,19,14,7,3,50
1569,250,12,8,4,3,58
1570,242,0,1,7,4,48
1571,222,19,13,3,1,42
1572,220,3,2,4,2,35
1573,283,7,6,3,2,82
1574,240,5,7,1,8,50
1575,276,0,3,1,3,80
1576,235,3,5,3,3,46
1577,234,15,9,2,1,44
1578,218,5,5,3,2,33
1579,253,4,3,3,3,61
1580,253,3,5,5,4,59
1581,243,10,6,3,3,58
1582,236,5,6,6,9,41
1583,261,0,0,4,3,69
1584,236,13,11,3,4,55
1585,228,7,6,4,3,42
1586,276,0,4,1,1,82
1587,226,13,8,4,2,38
1588,239,0,3,11,7,48
1589,236,1,3,4,5,43
1590,242,13,9,3,2,56
1591,239,6,6,6,6,52
1592,206,16,12,7,5,27
1593,221,17,14,5,2,43
1594,223,8,6,4,2,38
1595,244,2,3,3,1,52
1596,234,25,17,6,7,49
1597,254,2,5,2,6,61
1598,252,9,9,6,4,60
1599,240,14,9,2,2,61
1600,262,11,7,2,3,65
1601,235,6,7,1,3,48
1602,216,6,5,6,5,39
1603,239,0,2,7,9,51
1604,220,0,5,3,3,30
1605,212,3,2,3,1,20
1606,218,4,6,4,3,31
1607,222,11,6,6,4,43
1608,221,15,11,5,3,44
1609,246,1,2,3,5,57
1610,234,10,7,2,2,43
1611,281,5,4,3,3,81
1612,245,1,4,2,3,55
1613,248,5,5,4,4,56
1614,240,3,3,3,4,50
1615,238,14,13,0,0,52
1616,280,5,3,5,4,78
1617,229,10,7,7,6,43
1618,252,8,6,8,5,57
1619,243,9,7,7,3,60
1620,245,2,1,7,4,51
1621,238,6,5,4,5,54
1622,213,21,12,3,3,33
1623,250,13,9,4,4,71
1624,247,0,2,5,2,55
1625,212,12,10,2,5,34
1626,230,0,5,5,5,36
1627,242,4,7,2,5,58
1628,257,10,10,6,4,64
1629,244,8,9,3,1,55
1630,234,20,15,5,5,52
1631,217,3,4,9,6,31
1632,245,14,10,6,5,55
1633,270,0,0,5,6,77
1634,227,0,2,6,7,47
1635,257,12,7,4,2,63
1636,247,8,5,5,4,57
1637,225,5,8,4,4,35
1638,233,3,5,1,2,46
1639,245,4,7,5,5,52
1640,233,5,9,5,3,46
1641,244,6,4,4,5,56
1642,231,3,4,4,4,43
1643,222,5,5,5,4,35
1644,221,17,11,5,7,34
1645,268,1,3,3,3,77
1646,228,24,16,5,6,49
1647,246,10,11,5,6,51
1648,237,17,10,6,5,58
1649,240,7,8,4,3,56
1650,241,7,4,3,1,55
1651,234,10,7,2,5,47
1652,230,5,5,3,5,45
1653,235,5,5,2,4,51
1654,250,4,4,2,2,53
1655,245,1,2,3,1,55
1656,252,5,5,0,1,57
1657,229,0,3,3,5,39
1658,256,0,3,3,2,66
1659,211,16,14,3,2,34
1660,235,3,6,4,5,44
1661,231,1,1,3,4,39
1662,239,8,7,4,2,48
1663,228,11,8,2,7,46
1664,236,11,13,4,6,53
1665,215,3,3,2,2,32
1666,251,0,2,6,5,60
1667,231,1,4,3,3,39
1668,241,10,12,0,2,57
1669,231,14,8,4,2,44
1670,250,6,6,6,4,62
1671,258,0,4,2,1,64
1672,268,0,2,2,3,70
1673,229,14,13,5,4,42
1674,244,3,3,4,2,57
1675,244,6,6,6,9,52
1676,243,9,6,0,1,52
1677,244,0,3,6,5,52
1678,284,4,3,2,4,90
1679,221,6,8,5,5,30
1680,232,4,5,4,4,49
1681,244,9,6,2,3,60
1682,218,3,2,1,1,31
1683,254,5,3,2,3,63
1684,262,1,4,3,4,67
1685,252,5,3,5,4,58
1686,237,3,4,7,3,50
1687,246,1,3,4,3,58
1688,277,0,2,4,4,78
1689,252,3,4,3,2,65
1690,220,17,12,6,3,35
1691,227,0,0,4,7,39
1692,235,0,1,7,4,48
1693,227,12,9,2,2,39
1694,220,8,6,5,6,37
1695,225,18,15,2,2,44
1696,230,12,9,2,6,47
1697,258,12,11,7,4,62
1698,244,2,3,2,5,53
1699,256,8,7,6,8,65
1700,222,0,2,5,4,32
1701,249,12,9,9,6,61
1702,257,17,11,2,4,66
1703,233,7,4,5,4,50
1704,244,0,1,4,3,53
1705,236,0,3,6,4,46
1706,256,5,6,4,3,68
1707,263,0,3,1,1,71
1708,211,11,12,3,1,28
1709,246,5,6,2,4,58
1710,247,6,4,7,5,59
1711,253,8,6,3,2,65
1712,259,13,10,6,3,67
1713,234,2,3,4,3,49
1714,224,6,5,8,6,41
1715,250,9,5,2,1,62
1716,227,14,13,5,5,41
1717,253,9,7,3,3,62
1718,248,9,10,4,4,59
1719,249,1,3,3,2,57
1720,252,4,5,3,2,63
1721,259,0,4,2,2,66
1722,233,12,9,2,5,43
1723,235,8,6,3,1,45
1724,264,15,12,2,4,72
1725,229,11,10,4,3,42
1726,237,15,12,2,2,51
1727,250,3,3,4,5,53
1728,232,5,6,2,6,50
1729,229,1,2,3,3,43
1730,241,8,5,2,1,54
1731,241,10,6,6,6,51
1732,262,10,8,3,5,67
1733,248,5,3,2,3,56
1734,217,12,8,4,4,36
1735,248,7,9,6,3,66
1736,216,10,7,3,3,34
1737,252,7,8,8,7,60
1738,242,10,7,3,4,55
1739,232,8,5,6,6,52
1740,230,15,10,6,4,56
1741,241,12,11,6,4,49
1742,241,11,9,4,3,62
1743,222,4,4,8,6,36
1744,238,13,11,3,1,48
1745,250,3,5,5,3,58
1746,254,4,4,8,6,64
1747,247,4,3,2,2,58
1748,252,0,3,2,2,58
1749,244,8,7,4,3,59
1750,276,5,7,4,2,78
1751,239,0,2,1,1,54
1752,241,10,8,3,2,58
1753,248,4,3,4,4,57
1754,244,1,0,4,2,57
1755,218,9,8,5,2,43
1756,239,11,8,2,3,51
1757,235,6,5,3,3,54
1758,228,4,3,4,5,38
1759,221,9,8,2,2,40
1760,250,1,2,2,4,58
1761,242,16,11,3,1,54
1762,238,8,6,4,4,55
1763,240,5,4,5,3,54
1764,230,10,10,3,4,44
1765,264,13,10,5,5,74
1766,248,2,2,8,5,55
1767,241,6,8,5,6,53
1768,237,12,9,5,5,49
1769,251,8,8,7,7,62
1770,255,0,0,2,4,62
1771,266,7,6,1,3,71
1772,249,5,5,4,7,52
1773,269,8,7,3,5,72
1774,234,7,5,2,2,43
1775,230,3,3,2,4,45
1776,242,0,4,3,3,48
1777,248,1,1,3,3,53
1778,225,6,7,3,2,35
1779,255,6,6,2,1,62
1780,269,0,1,5,2,71
1781,258,7,6,3,4,73
1782,252,8,8,6,4,65
1783,218,11,7,2,1,33
1784,252,5,5,3,1,64
1785,268,2,4,3,4,71
1786,238,2,1,6,4,43
1787,219,12,8,7,6,32
1788,251,15,10,2,2,57
1789,248,8,7,2,2,59
1790,236,2,3,5,6,41
1791,236,2,1,3,1,48
1792,236,4,3,5,2,44
1793,234,7,7,5,3,45
1794,244,2,2,8,6,54
1795,261,0,2,4,4,63
1796,256,12,9,4,4,65
1797,226,3,5,1,0,37
1798,224,0,3,2,3,39
1799,255,5,4,3,1,64
1800,253,0,3,4,2,57
1801,255,11,10,5,5,63
1802,259,0,5,2,3,73
1803,268,7,5,2,6,75
1804,249,1,1,5,3,62
1805,241,0,2,8,6,51
1806,241,0,3,4,4,45
1807,238,1,2,8,7,51
1808,256,7,7,7,4,61
1809,248,9,6,4,3,55
1810,225,12,10,1,3,37
1811,247,10,9,3,4,61
1812,232,3,3,2,2,41
1813,256,0,1,3,3,60
1814,237,9,8,6,8,46
1815,256,11,9,4,3,63
1816,223,1,3,2,3,34
1817,234,7,8,5,3,41
1818,286,0,3,7,4,83
1819,243,11,8,5,2,52
1820,246,1,3,4,7,53
1821,257,0,1,2,1,62
1822,228,4,6,4,5,39
1823,224,6,4,3,6,40
1824,223,21,12,3,1,38
1825,248,5,4,6,5,56
1826,253,4,3,3,1,64
1827,244,0,1,5,4,51
1828,249,7,6,2,3,54
1829,244,8,7,6,3,51
1830,253,0,4,1,1,55
1831,239,6,7,1,0,50
1832,244,4,2,4,4,53
1833,228,5,4,3,6,47
1834,242,21,13,3,4,65
1835,240,0,2,6,6,56
1836,225,21,16,8,5,36
1837,238,7,4,2,1,48
1838,203,4,3,2,1,31
1839,220,4,3,4,4,40
1840,256,12,8,1,4,66
1841,241,4,2,2,1,55
1842,266,13,10,4,3,72
1843,232,13,10,2,3,52
1844,237,9,9,4,5,48
1845,227,2,5,3,4,42
1846,226,0,3,5,3,38
1847,243,0,4,2,2,54
1848,247,15,12,6,4,61
1849,259,6,8,3,1,61
1850,231,8,6,7,4,47
1851,240,13,8,1,1,49
1852,266,9,11,2,1,72
1853,227,3,3,6,7,39
1854,220,6,6,4,5,37
1855,230,3,4,6,5,45
1856,259,7,5,4,2,68
1857,235,9,7,3,4,52
1858,245,5,6,4,4,56
1859,245,4,6,4,2,50
1860,233,2,1,6,4,40
1861,229,12,7,2,2,43
1862,241,7,6,3,2,55
1863,251,9,5,3,1,65
1864,209,19,12,1,5,28
1865,227,6,7,4,6,40
1866,230,23,17,4,3,49
1867,247,7,7,3,2,55
1868,228,11,8,7,3,43
1869,262,5,7,4,4,67
1870,259,3,3,1,4,69
1871,240,10,6,1,3,52
1872,244,4,2,4,4,57
1873,246,3,3,4,6,53
1874,240,0,2,3,1,48
1875,256,6,7,8,5,74
1876,270,2,8,3,4,73
1877,274,0,1,2,3,79
1878,265,4,3,5,4,70
1879,250,0,2,0,2,59
1880,263,3,5,3,5,65
1881,222,1,2,2,6,36
1882,239,3,5,1,4,53
1883,236,11,9,3,1,53
1884,236,6,5,4,4,53
1885,219,9,7,3,2,34
1886,241,4,7,2,2,56
1887,235,10,6,0,1,54
1888,235,0,4,4,5,47
1889,234,5,6,2,1,51
1890,205,14,12,6,4,26
1891,240,1,1,6,6,51
1892,227,17,15,5,4,42
1893,257,1,5,8,4,59
1894,237,0,2,4,2,49
1895,226,3,2,3,2,33
1896,236,0,2,9,5,50
1897,265,0,1,3,2,68
1898,235,12,7,4,9,50
1899,243,5,5,2,3,58
1900,248,17,11,4,4,66
1901,243,1,0,7,4,61
1902,245,1,3,2,2,60
1903,210,4,3,6,5,24
1904,222,4,6,7,5,41
1905,250,18,14,5,3,60
1906,269,0,0,6,5,68
1907,247,12,12,1,0,57
1908,262,9,6,7,3,68
1909,255,6,5,2,1,61
1910,242,5,3,3,2,56
1911,255,15,10,3,1,69
1912,243,14,10,1,1,60
1913,220,4,4,9,5,34
1914,237,5,4,6,8,45
1915,261,0,2,2,1,68
1916,243,7,6,3,4,49
1917,241,2,1,1,1,58
1918,230,10,9,7,6,46
1919,259,14,11,4,5,68
1920,245,2,2,3,2,61
1921,236,12,8,1,1,51
1922,223,10,7,4,4,41
1923,237,5,7,3,6,53
1924,237,9,7,3,2,54
1925,234,9,9,5,2,51
1926,238,5,3,5,5,49
1927,257,0,2,7,5,60
1928,233,17,10,5,7,49
1929,213,0,6,1,3,27
1930,246,0,0,2,3,54
1931,236,9,6,5,10,50
1932,248,6,6,10,9,56
1933,237,9,8,10,7,50
1934,232,14,10,4,3,40
1935,241,7,5,6,5,58
1936,251,2,3,6,6,67
1937,239,7,5,6,5,53
1938,213,15,10,3,4,26
1939,237,13,11,4,3,51
1940,251,0,0,5,3,61
1941,240,6,9,4,4,50
1942,232,5,7,1,1,46
1943,229,10,7,5,2,41
1944,230,12,9,3,3,45
1945,246,12,11,3,3,57
1946,238,7,7,2,3,51
1947,215,3,3,1,1,34
1948,205,10,9,6,3,24
1949,232,11,8,3,5,47
1950,242,0,3,7,6,52
1951,219,14,8,5,6,39
1952,227,3,4,4,2,39
1953,253,2,1,6,5,64
1954,230,18,11,4,4,46
1955,234,0,2,5,3,49
1956,257,7,4,3,3,59
1957,261,8,10,4,5,72
1958,248,11,8,3,2,61
1959,265,7,7,3,3,72
1960,267,4,7,4,5,70
1961,226,0,6,3,3,39
1962,241,8,8,4,4,53
1963,234,0,0,8,6,42
1964,269,13,11,6,4,82
1965,232,7,4,3,4,41
1966,249,2,4,6,5,57
1967,229,14,11,4,4,44
1968,232,3,6,3,1,38
1969,234,5,5,4,4,44
1970,259,0,2,6,5,65
1971,224,9,7,4,6,47
1972,273,4,5,2,2,72
1973,223,4,2,4,7,36
1974,237,6,7,3,4,41
1975,244,0,3,6,5,50
1976,257,0,1,1,0,68
1977,248,14,10,4,3,60
1978,247,2,3,2,6,51
1979,236,11,9,4,2,50
1980,228,6,5,2,5,43
1981,229,2,4,2,4,43
1982,249,0,2,6,4,60
1983,237,0,2,5,7,51
1984,205,8,9,4,3,23
1985,249,5,3,7,3,64
1986,245,13,9,2,3,57
1987,265,0,3,2,3,72
1988,245,1,1,1,4,52
1989,267,7,7,10,6,72
1990,246,12,8,3,3,62
1991,248,0,1,5,5,61
1992,241,3,6,3,2,47
1993,229,0,0,1,0,42
1994,273,18,14,4,4,79
1995,213,0,0,2,6,28
1996,231,6,9,2,1,41
1997,206,2,2,8,5,21
1998,251,0,4,6,3,61
1999,249,2,1,2,1,61
2000,233,4,3,3,1,44
